<?xml version='1.1' encoding='UTF-8'?>
<org.jvnet.hudson.plugins.thinbackup.backup.PluginList plugin="thinBackup@1.15">
  <plugins>
    <entry>
      <string>aws-java-sdk-sns</string>
      <string>1.12.397-362.v050e9394cf8e</string>
    </entry>
    <entry>
      <string>mina-sshd-api-core</string>
      <string>2.9.2-50.va_0e1f42659a_a</string>
    </entry>
    <entry>
      <string>blueocean-config</string>
      <string>1.27.1</string>
    </entry>
    <entry>
      <string>snakeyaml-api</string>
      <string>1.33-90.v80dcb_3814d35</string>
    </entry>
    <entry>
      <string>github-branch-source</string>
      <string>1701.v00cc8184df93</string>
    </entry>
    <entry>
      <string>pipeline-github-lib</string>
      <string>38.v445716ea_edda_</string>
    </entry>
    <entry>
      <string>blueocean-pipeline-api-impl</string>
      <string>1.27.1</string>
    </entry>
    <entry>
      <string>workflow-multibranch</string>
      <string>716.vc692a_e52371b_</string>
    </entry>
    <entry>
      <string>pipeline-stage-tags-metadata</string>
      <string>2.2118.v31fd5b_9944b_5</string>
    </entry>
    <entry>
      <string>javax-activation-api</string>
      <string>1.2.0-5</string>
    </entry>
    <entry>
      <string>git-client</string>
      <string>4.1.0</string>
    </entry>
    <entry>
      <string>scm-api</string>
      <string>631.v9143df5b_e4a_a</string>
    </entry>
    <entry>
      <string>pipeline-stage-step</string>
      <string>305.ve96d0205c1c6</string>
    </entry>
    <entry>
      <string>email-ext</string>
      <string>2.93</string>
    </entry>
    <entry>
      <string>github</string>
      <string>1.36.1</string>
    </entry>
    <entry>
      <string>build-timeout</string>
      <string>1.28</string>
    </entry>
    <entry>
      <string>blueocean-personalization</string>
      <string>1.27.1</string>
    </entry>
    <entry>
      <string>mailer</string>
      <string>448.v5b_97805e3767</string>
    </entry>
    <entry>
      <string>aws-java-sdk-ecs</string>
      <string>1.12.397-362.v050e9394cf8e</string>
    </entry>
    <entry>
      <string>aws-java-sdk-ecr</string>
      <string>1.12.397-362.v050e9394cf8e</string>
    </entry>
    <entry>
      <string>aws-java-sdk-minimal</string>
      <string>1.12.397-362.v050e9394cf8e</string>
    </entry>
    <entry>
      <string>jackson2-api</string>
      <string>2.14.2-319.v37853346a_229</string>
    </entry>
    <entry>
      <string>badge</string>
      <string>1.9.1</string>
    </entry>
    <entry>
      <string>blueocean-web</string>
      <string>1.27.1</string>
    </entry>
    <entry>
      <string>workflow-scm-step</string>
      <string>400.v6b_89a_1317c9a_</string>
    </entry>
    <entry>
      <string>ws-cleanup</string>
      <string>0.44</string>
    </entry>
    <entry>
      <string>jakarta-mail-api</string>
      <string>2.0.1-2</string>
    </entry>
    <entry>
      <string>blueocean-events</string>
      <string>1.27.1</string>
    </entry>
    <entry>
      <string>aws-java-sdk-logs</string>
      <string>1.12.397-362.v050e9394cf8e</string>
    </entry>
    <entry>
      <string>token-macro</string>
      <string>321.vd7cc1f2a_52c8</string>
    </entry>
    <entry>
      <string>aws-java-sdk</string>
      <string>1.12.397-362.v050e9394cf8e</string>
    </entry>
    <entry>
      <string>thinBackup</string>
      <string>1.15</string>
    </entry>
    <entry>
      <string>blueocean-i18n</string>
      <string>1.27.1</string>
    </entry>
    <entry>
      <string>favorite</string>
      <string>2.4.1</string>
    </entry>
    <entry>
      <string>okhttp-api</string>
      <string>4.9.3-108.v0feda04578cf</string>
    </entry>
    <entry>
      <string>blueocean-rest</string>
      <string>1.27.1</string>
    </entry>
    <entry>
      <string>pipeline-build-step</string>
      <string>2.18</string>
    </entry>
    <entry>
      <string>pipeline-stage-view</string>
      <string>2.31</string>
    </entry>
    <entry>
      <string>pipeline-model-definition</string>
      <string>2.2118.v31fd5b_9944b_5</string>
    </entry>
    <entry>
      <string>instance-identity</string>
      <string>142.v04572ca_5b_265</string>
    </entry>
    <entry>
      <string>resource-disposer</string>
      <string>0.20</string>
    </entry>
    <entry>
      <string>bouncycastle-api</string>
      <string>2.27</string>
    </entry>
    <entry>
      <string>jaxb</string>
      <string>2.3.8-1</string>
    </entry>
    <entry>
      <string>pam-auth</string>
      <string>1.10</string>
    </entry>
    <entry>
      <string>workflow-durable-task-step</string>
      <string>1223.v7f1a_98a_8863e</string>
    </entry>
    <entry>
      <string>blueocean-pipeline-editor</string>
      <string>1.27.1</string>
    </entry>
    <entry>
      <string>ssh-credentials</string>
      <string>305.v8f4381501156</string>
    </entry>
    <entry>
      <string>workflow-job</string>
      <string>1268.v6eb_e2ee1a_85a</string>
    </entry>
    <entry>
      <string>workflow-basic-steps</string>
      <string>994.vd57e3ca_46d24</string>
    </entry>
    <entry>
      <string>github-api</string>
      <string>1.303-400.v35c2d8258028</string>
    </entry>
    <entry>
      <string>echarts-api</string>
      <string>5.4.0-1</string>
    </entry>
    <entry>
      <string>aws-secrets-manager-credentials-provider</string>
      <string>1.202.ve0ec0c17611c</string>
    </entry>
    <entry>
      <string>workflow-cps</string>
      <string>3618.v13db_a_21f0fcf</string>
    </entry>
    <entry>
      <string>sshd</string>
      <string>3.275.v9e17c10f2571</string>
    </entry>
    <entry>
      <string>matrix-auth</string>
      <string>3.1.6</string>
    </entry>
    <entry>
      <string>aws-java-sdk-sqs</string>
      <string>1.12.397-362.v050e9394cf8e</string>
    </entry>
    <entry>
      <string>jjwt-api</string>
      <string>0.11.5-77.v646c772fddb_0</string>
    </entry>
    <entry>
      <string>gradle</string>
      <string>2.2</string>
    </entry>
    <entry>
      <string>ionicons-api</string>
      <string>31.v4757b_6987003</string>
    </entry>
    <entry>
      <string>blueocean-commons</string>
      <string>1.27.1</string>
    </entry>
    <entry>
      <string>sse-gateway</string>
      <string>1.26</string>
    </entry>
    <entry>
      <string>script-security</string>
      <string>1229.v4880b_b_e905a_6</string>
    </entry>
    <entry>
      <string>aws-java-sdk-codebuild</string>
      <string>1.12.397-362.v050e9394cf8e</string>
    </entry>
    <entry>
      <string>Hudson core</string>
      <string>2.375.3</string>
    </entry>
    <entry>
      <string>blueocean-dashboard</string>
      <string>1.27.1</string>
    </entry>
    <entry>
      <string>blueocean-core-js</string>
      <string>1.27.1</string>
    </entry>
    <entry>
      <string>blueocean-github-pipeline</string>
      <string>1.27.1</string>
    </entry>
    <entry>
      <string>pipeline-milestone-step</string>
      <string>111.v449306f708b_7</string>
    </entry>
    <entry>
      <string>jakarta-activation-api</string>
      <string>2.0.1-2</string>
    </entry>
    <entry>
      <string>blueocean-jwt</string>
      <string>1.27.1</string>
    </entry>
    <entry>
      <string>aws-java-sdk-elasticbeanstalk</string>
      <string>1.12.397-362.v050e9394cf8e</string>
    </entry>
    <entry>
      <string>trilead-api</string>
      <string>2.84.v72119de229b_7</string>
    </entry>
    <entry>
      <string>commons-text-api</string>
      <string>1.10.0-27.vb_fa_3896786a_7</string>
    </entry>
    <entry>
      <string>aws-java-sdk-efs</string>
      <string>1.12.397-362.v050e9394cf8e</string>
    </entry>
    <entry>
      <string>javax-mail-api</string>
      <string>1.6.2-8</string>
    </entry>
    <entry>
      <string>aws-java-sdk-ssm</string>
      <string>1.12.397-362.v050e9394cf8e</string>
    </entry>
    <entry>
      <string>job-dsl</string>
      <string>1.81</string>
    </entry>
    <entry>
      <string>ldap</string>
      <string>659.v8ca_b_a_fe79fa_d</string>
    </entry>
    <entry>
      <string>plugin-util-api</string>
      <string>2.20.0</string>
    </entry>
    <entry>
      <string>variant</string>
      <string>59.vf075fe829ccb</string>
    </entry>
    <entry>
      <string>font-awesome-api</string>
      <string>6.2.1-1</string>
    </entry>
    <entry>
      <string>pipeline-model-extensions</string>
      <string>2.2118.v31fd5b_9944b_5</string>
    </entry>
    <entry>
      <string>pipeline-groovy-lib</string>
      <string>629.vb_5627b_ee2104</string>
    </entry>
    <entry>
      <string>workflow-support</string>
      <string>839.v35e2736cfd5c</string>
    </entry>
    <entry>
      <string>aws-java-sdk-cloudformation</string>
      <string>1.12.397-362.v050e9394cf8e</string>
    </entry>
    <entry>
      <string>checks-api</string>
      <string>1.8.1</string>
    </entry>
    <entry>
      <string>antisamy-markup-formatter</string>
      <string>155.v795fb_8702324</string>
    </entry>
    <entry>
      <string>pipeline-rest-api</string>
      <string>2.31</string>
    </entry>
    <entry>
      <string>pipeline-model-api</string>
      <string>2.2118.v31fd5b_9944b_5</string>
    </entry>
    <entry>
      <string>blueocean-rest-impl</string>
      <string>1.27.1</string>
    </entry>
    <entry>
      <string>pipeline-input-step</string>
      <string>466.v6d0a_5df34f81</string>
    </entry>
    <entry>
      <string>jquery3-api</string>
      <string>3.6.1-2</string>
    </entry>
    <entry>
      <string>credentials-binding</string>
      <string>523.vd859a_4b_122e6</string>
    </entry>
    <entry>
      <string>blueocean-git-pipeline</string>
      <string>1.27.1</string>
    </entry>
    <entry>
      <string>workflow-aggregator</string>
      <string>590.v6a_d052e5a_a_b_5</string>
    </entry>
    <entry>
      <string>credentials</string>
      <string>1214.v1de940103927</string>
    </entry>
    <entry>
      <string>mina-sshd-api-common</string>
      <string>2.9.2-50.va_0e1f42659a_a</string>
    </entry>
    <entry>
      <string>blueocean-pipeline-scm-api</string>
      <string>1.27.1</string>
    </entry>
    <entry>
      <string>caffeine-api</string>
      <string>2.9.3-65.v6a_47d0f4d1fe</string>
    </entry>
    <entry>
      <string>workflow-step-api</string>
      <string>639.v6eca_cd8c04a_a_</string>
    </entry>
    <entry>
      <string>plain-credentials</string>
      <string>143.v1b_df8b_d3b_e48</string>
    </entry>
    <entry>
      <string>matrix-project</string>
      <string>785.v06b_7f47b_c631</string>
    </entry>
    <entry>
      <string>git</string>
      <string>5.0.0</string>
    </entry>
    <entry>
      <string>bootstrap5-api</string>
      <string>5.2.1-3</string>
    </entry>
    <entry>
      <string>authentication-tokens</string>
      <string>1.4</string>
    </entry>
    <entry>
      <string>cloudbees-folder</string>
      <string>6.800.v71307ca_b_986b</string>
    </entry>
    <entry>
      <string>durable-task</string>
      <string>504.vb10d1ae5ba2f</string>
    </entry>
    <entry>
      <string>popper2-api</string>
      <string>2.11.6-2</string>
    </entry>
    <entry>
      <string>timestamper</string>
      <string>1.21</string>
    </entry>
    <entry>
      <string>junit</string>
      <string>1166.va_436e268e972</string>
    </entry>
    <entry>
      <string>pipeline-graph-analysis</string>
      <string>202.va_d268e64deb_3</string>
    </entry>
    <entry>
      <string>structs</string>
      <string>324.va_f5d6774f3a_d</string>
    </entry>
    <entry>
      <string>apache-httpcomponents-client-4-api</string>
      <string>4.5.13-138.v4e7d9a_7b_a_e61</string>
    </entry>
    <entry>
      <string>ant</string>
      <string>481.v7b_09e538fcca</string>
    </entry>
    <entry>
      <string>blueocean-bitbucket-pipeline</string>
      <string>1.27.1</string>
    </entry>
    <entry>
      <string>ssh-slaves</string>
      <string>2.854.v7fd446b_337c9</string>
    </entry>
    <entry>
      <string>blueocean</string>
      <string>1.27.1</string>
    </entry>
    <entry>
      <string>htmlpublisher</string>
      <string>1.31</string>
    </entry>
    <entry>
      <string>aws-java-sdk-iam</string>
      <string>1.12.397-362.v050e9394cf8e</string>
    </entry>
    <entry>
      <string>handy-uri-templates-2-api</string>
      <string>2.1.8-22.v77d5b_75e6953</string>
    </entry>
    <entry>
      <string>aws-java-sdk-ec2</string>
      <string>1.12.397-362.v050e9394cf8e</string>
    </entry>
    <entry>
      <string>ansicolor</string>
      <string>1.0.2</string>
    </entry>
    <entry>
      <string>cloudbees-bitbucket-branch-source</string>
      <string>791.vb_eea_a_476405b</string>
    </entry>
    <entry>
      <string>blueocean-display-url</string>
      <string>2.4.1</string>
    </entry>
    <entry>
      <string>commons-lang3-api</string>
      <string>3.12.0-36.vd97de6465d5b_</string>
    </entry>
    <entry>
      <string>display-url-api</string>
      <string>2.3.7</string>
    </entry>
    <entry>
      <string>jenkins-design-language</string>
      <string>1.27.1</string>
    </entry>
    <entry>
      <string>branch-api</string>
      <string>2.1071.v1a_188a_562481</string>
    </entry>
    <entry>
      <string>workflow-api</string>
      <string>1208.v0cc7c6e0da_9e</string>
    </entry>
    <entry>
      <string>pubsub-light</string>
      <string>1.17</string>
    </entry>
  </plugins>
  <pluginsXml>/apps/jenkins_backup/FULL-2023-02-12_02-52/installedPlugins.xml</pluginsXml>
</org.jvnet.hudson.plugins.thinbackup.backup.PluginList>