<?xml version='1.1' encoding='UTF-8'?>
<io.jenkins.plugins.credentials.secretsmanager.config.PluginConfiguration plugin="aws-secrets-manager-credentials-provider@1.202.ve0ec0c17611c">
  <cache>true</cache>
  <client>
    <credentialsProvider class="io.jenkins.plugins.credentials.secretsmanager.config.credentialsProvider.DefaultAWSCredentialsProviderChain"/>
    <region></region>
  </client>
  <transformations>
    <description class="io.jenkins.plugins.credentials.secretsmanager.config.transformer.description.Default"/>
    <name class="io.jenkins.plugins.credentials.secretsmanager.config.transformer.name.Default"/>
  </transformations>
</io.jenkins.plugins.credentials.secretsmanager.config.PluginConfiguration>