<?xml version='1.1' encoding='UTF-8'?>
<org.jenkinsci.plugins.workflow.libs.GlobalLibraries plugin="pipeline-groovy-lib@629.vb_5627b_ee2104">
  <libraries>
    <org.jenkinsci.plugins.workflow.libs.LibraryConfiguration>
      <name>spec</name>
      <retriever class="org.jenkinsci.plugins.workflow.libs.SCMSourceRetriever">
        <scm class="jenkins.plugins.git.GitSCMSource" plugin="git@5.0.0">
          <id>8d55b4ea-b599-4723-a890-95efb35f8fc4</id>
          <remote>https://github.com/ChaitanyaChandra/DevOps.git</remote>
          <credentialsId></credentialsId>
          <traits>
            <jenkins.plugins.git.traits.BranchDiscoveryTrait/>
          </traits>
        </scm>
        <libraryPath>3.JENKINS/</libraryPath>
      </retriever>
      <defaultVersion>main</defaultVersion>
      <implicit>false</implicit>
      <allowVersionOverride>true</allowVersionOverride>
      <includeInChangesets>true</includeInChangesets>
    </org.jenkinsci.plugins.workflow.libs.LibraryConfiguration>
  </libraries>
</org.jenkinsci.plugins.workflow.libs.GlobalLibraries>